{"cameraMode":{"drawMode":0,"name":"Shaded","section":"Shading Mode"},"sceneLighting":false,"audioPlay":false,"sceneViewState":{"showFog":true,"showMaterialUpdate":false,"showSkybox":false,"showFlares":true,"showImageEffects":true,"showParticleSystems":true},"in2DMode":false,"pivot":{"x":40.63079833984375,"y":-1.0158965587615967,"z":18.408212661743165},"rotation":{"x":-0.027983002364635469,"y":0.9594851136207581,"z":-0.2612626850605011,"w":-0.10411201417446137},"size":2.7623884677886965,"orthographic":false}