{"cameraMode":{"drawMode":0,"name":"Shaded","section":"Shading Mode"},"sceneLighting":false,"audioPlay":false,"sceneViewState":{"showFog":true,"showMaterialUpdate":false,"showSkybox":false,"showFlares":true,"showImageEffects":true,"showParticleSystems":true},"in2DMode":false,"pivot":{"x":46.45313262939453,"y":-0.2880733907222748,"z":20.21490478515625},"rotation":{"x":-0.4424384832382202,"y":-0.4808538854122162,"z":0.30738386511802676,"w":-0.6920567750930786},"size":2.924143075942993,"orthographic":false}