{"cameraMode":{"drawMode":0,"name":"Shaded","section":"Shading Mode"},"sceneLighting":false,"audioPlay":false,"sceneViewState":{"showFog":true,"showMaterialUpdate":false,"showSkybox":false,"showFlares":true,"showImageEffects":true,"showParticleSystems":true},"in2DMode":false,"pivot":{"x":4.046888828277588,"y":-3.712327480316162,"z":5.223756790161133},"rotation":{"x":0.06882564723491669,"y":-0.9138685464859009,"z":0.3600574731826782,"w":0.17480100691318513},"size":2.356694459915161,"orthographic":false}