{"cameraMode":{"drawMode":0,"name":"Shaded","section":"Shading Mode"},"sceneLighting":true,"audioPlay":false,"sceneViewState":{"showFog":true,"showMaterialUpdate":false,"showSkybox":true,"showFlares":true,"showImageEffects":true,"showParticleSystems":true},"in2DMode":false,"pivot":{"x":24.4346981048584,"y":24.46470832824707,"z":-2.4890050888061525},"rotation":{"x":0.4393465518951416,"y":-0.025352882221341134,"z":0.012104502879083157,"w":0.8984438180923462},"size":3.8131566047668459,"orthographic":false}