{"cameraMode":{"drawMode":0,"name":"Shaded","section":"Shading Mode"},"sceneLighting":false,"audioPlay":false,"sceneViewState":{"showFog":true,"showMaterialUpdate":false,"showSkybox":false,"showFlares":true,"showImageEffects":true,"showParticleSystems":true},"in2DMode":false,"pivot":{"x":38.642120361328128,"y":-0.10972391068935394,"z":19.69412612915039},"rotation":{"x":-0.1347351372241974,"y":-0.256671667098999,"z":0.03586838021874428,"w":-0.9569475054740906},"size":2.756399154663086,"orthographic":false}