{"cameraMode":{"drawMode":0,"name":"Shaded","section":"Shading Mode"},"sceneLighting":false,"audioPlay":false,"sceneViewState":{"showFog":true,"showMaterialUpdate":false,"showSkybox":false,"showFlares":true,"showImageEffects":true,"showParticleSystems":true},"in2DMode":false,"pivot":{"x":3.694856643676758,"y":-2.5282981395721437,"z":4.482625961303711},"rotation":{"x":0.0078084347769618038,"y":-0.988581657409668,"z":0.05523340404033661,"w":0.14029988646507264},"size":2.3392906188964845,"orthographic":false}