{"cameraMode":{"drawMode":0,"name":"Shaded","section":"Shading Mode"},"sceneLighting":true,"audioPlay":false,"sceneViewState":{"showFog":true,"showMaterialUpdate":false,"showSkybox":true,"showFlares":true,"showImageEffects":true,"showParticleSystems":true},"in2DMode":false,"pivot":{"x":-6.608185291290283,"y":5.632810115814209,"z":4.176480770111084},"rotation":{"x":-0.15207143127918244,"y":-0.7253018021583557,"z":0.16961738467216493,"w":-0.6497401595115662},"size":1.9091882705688477,"orthographic":false}