{"cameraMode":{"drawMode":0,"name":"Shaded","section":"Shading Mode"},"sceneLighting":false,"audioPlay":false,"sceneViewState":{"showFog":true,"showMaterialUpdate":false,"showSkybox":false,"showFlares":true,"showImageEffects":true,"showParticleSystems":true},"in2DMode":false,"pivot":{"x":4.100000381469727,"y":-3.4499502182006838,"z":5.25},"rotation":{"x":0.01698802039027214,"y":-0.9811551570892334,"z":0.10222544521093369,"w":0.16335630416870118},"size":2.356694459915161,"orthographic":false}