{"cameraMode":{"drawMode":0,"name":"Shaded","section":"Shading Mode"},"sceneLighting":false,"audioPlay":false,"sceneViewState":{"showFog":true,"showMaterialUpdate":false,"showSkybox":false,"showFlares":true,"showImageEffects":true,"showParticleSystems":true},"in2DMode":false,"pivot":{"x":3.3500001430511476,"y":-2.599950075149536,"z":4.050000190734863},"rotation":{"x":0.01698802039027214,"y":-0.9811551570892334,"z":0.10222544521093369,"w":0.16335630416870118},"size":2.3392906188964845,"orthographic":false}